CREATE TABLE IF NOT EXISTS accounts (id SERIAL PRIMARY KEY, account TEXT, description TEXT, alias TEXT, type TEXT);
INSERT INTO accounts (account) VALUES ('Assets:Bank:Checking');
INSERT INTO accounts (account) VALUES ('Assets:Bank:Savings');
INSERT INTO accounts (account) VALUES ('Assets:Cash');
INSERT INTO accounts (account) VALUES ('Assets:Investments:Stocks');
INSERT INTO accounts (account) VALUES ('Assets:AccountsReceivable');
INSERT INTO accounts (account) VALUES ('Liabilities:CreditCard:Visa');
INSERT INTO accounts (account) VALUES ('Liabilities:Loan:CarLoan');
INSERT INTO accounts (account) VALUES ('Equity:OpeningBalances');
INSERT INTO accounts (account) VALUES ('Equity:Owner');
INSERT INTO accounts (account) VALUES ('Income:Salary');
INSERT INTO accounts (account) VALUES ('Income:Investments:Dividends');
INSERT INTO accounts (account) VALUES ('Income:Freelance');
INSERT INTO accounts (account) VALUES ('Expenses:Rent');
INSERT INTO accounts (account) VALUES ('Expenses:Utilities');
INSERT INTO accounts (account) VALUES ('Expenses:Food:Groceries');
INSERT INTO accounts (account) VALUES ('Expenses:Food:DiningOut');
INSERT INTO accounts (account) VALUES ('Expenses:Transportation:Gas');
INSERT INTO accounts (account) VALUES ('Expenses:Transportation:Maintenance');
INSERT INTO accounts (account) VALUES ('Expenses:Entertainment');
INSERT INTO accounts (account) VALUES ('Expenses:Travel');
INSERT INTO accounts (account) VALUES ('Expenses:Insurance:Car');
INSERT INTO accounts (account) VALUES ('Expenses:Insurance:Health');
INSERT INTO accounts (account) VALUES ('Expenses:Education');
INSERT INTO accounts (account) VALUES ('Expenses:Medical');
INSERT INTO accounts (account) VALUES ('Expenses:Shopping');

CREATE TABLE IF NOT EXISTS transactions (id SERIAL PRIMARY KEY, date DATE, verified BOOLEAN, description TEXT);
CREATE TABLE IF NOT EXISTS transaction_lines (id SERIAL PRIMARY KEY, transaction_id INT REFERENCES transactions(id), account TEXT, unit TEXT, amount NUMERIC(20,2));
INSERT INTO transactions (id, date, verified, description) VALUES (1, '2025-01-01', TRUE, 'Opening Balances');
INSERT INTO transaction_lines (transaction_id, account, unit, amount) VALUES (1, 'Assets:Bank:Checking', '$', 10000.0);
INSERT INTO transaction_lines (transaction_id, account, unit, amount) VALUES (1, 'Assets:Bank:Savings', '$', 25000.0);
INSERT INTO transaction_lines (transaction_id, account, unit, amount) VALUES (1, 'Assets:Cash', '$', 1000.0);
INSERT INTO transaction_lines (transaction_id, account, unit, amount) VALUES (1, 'Assets:Investments:Stocks', '$', 15000.0);
INSERT INTO transaction_lines (transaction_id, account, unit, amount) VALUES (1, 'Liabilities:CreditCard:Visa', '$', -2500.0);
INSERT INTO transaction_lines (transaction_id, account, unit, amount) VALUES (1, 'Liabilities:Loan:CarLoan', '$', -10000.0);
INSERT INTO transaction_lines (transaction_id, account, unit, amount) VALUES (1, 'Equity:OpeningBalances', '$', -38500.0);
INSERT INTO transactions (id, date, verified, description) VALUES (2, '2025-01-15', TRUE, 'Paycheck');
INSERT INTO transaction_lines (transaction_id, account, unit, amount) VALUES (2, 'Assets:Bank:Checking', '$', 7500.0);
INSERT INTO transactions (id, date, verified, description) VALUES (3, '2025-01-20', TRUE, 'Grocery Shopping');
INSERT INTO transaction_lines (transaction_id, account, unit, amount) VALUES (3, 'Expenses:Food:Groceries', '$', 100.0);
INSERT INTO transactions (id, date, verified, description) VALUES (4, '2025-01-22', TRUE, 'Rent Payment');
INSERT INTO transaction_lines (transaction_id, account, unit, amount) VALUES (4, 'Expenses:Rent', '$', 1500.0);
INSERT INTO transactions (id, date, verified, description) VALUES (5, '2025-01-23', TRUE, 'Dinner Out');
INSERT INTO transaction_lines (transaction_id, account, unit, amount) VALUES (5, 'Expenses:Food:DiningOut', '$', 75.0);
INSERT INTO transactions (id, date, verified, description) VALUES (6, '2025-01-25', TRUE, 'Credit Card Payment');
INSERT INTO transaction_lines (transaction_id, account, unit, amount) VALUES (6, 'Liabilities:CreditCard:Visa', '$', 1200.0);
INSERT INTO transactions (id, date, verified, description) VALUES (7, '2025-02-01', TRUE, 'Paycheck');
INSERT INTO transaction_lines (transaction_id, account, unit, amount) VALUES (7, 'Assets:Bank:Checking', '$', 7500.0);
INSERT INTO transactions (id, date, verified, description) VALUES (8, '2025-02-03', TRUE, 'Utilities Bill');
INSERT INTO transaction_lines (transaction_id, account, unit, amount) VALUES (8, 'Expenses:Utilities', '$', 300.0);
INSERT INTO transactions (id, date, verified, description) VALUES (9, '2025-02-10', TRUE, 'Gasoline');
INSERT INTO transaction_lines (transaction_id, account, unit, amount) VALUES (9, 'Expenses:Transportation:Gas', '$', 120.0);
INSERT INTO transactions (id, date, verified, description) VALUES (10, '2025-02-15', TRUE, 'Freelance Project');
INSERT INTO transaction_lines (transaction_id, account, unit, amount) VALUES (10, 'Assets:Bank:Checking', '$', 3200.0);
INSERT INTO transactions (id, date, verified, description) VALUES (11, '2025-02-20', TRUE, 'Car Loan Payment');
INSERT INTO transaction_lines (transaction_id, account, unit, amount) VALUES (11, 'Liabilities:Loan:CarLoan', '$', 500.0);
INSERT INTO transactions (id, date, verified, description) VALUES (12, '2025-02-22', TRUE, 'Stock Dividend');
INSERT INTO transaction_lines (transaction_id, account, unit, amount) VALUES (12, 'Assets:Bank:Savings', '$', 1000.0);
INSERT INTO transactions (id, date, verified, description) VALUES (13, '2025-02-28', TRUE, 'Vacation Trip');
INSERT INTO transaction_lines (transaction_id, account, unit, amount) VALUES (13, 'Expenses:Travel', '$', 2800.0);
INSERT INTO transactions (id, date, verified, description) VALUES (14, '2025-03-01', TRUE, 'Paycheck');
INSERT INTO transaction_lines (transaction_id, account, unit, amount) VALUES (14, 'Assets:Bank:Checking', '$', 7500.0);
INSERT INTO transactions (id, date, verified, description) VALUES (15, '2025-03-02', TRUE, 'Health Insurance');
INSERT INTO transaction_lines (transaction_id, account, unit, amount) VALUES (15, 'Expenses:Insurance:Health', '$', 450.0);
INSERT INTO transactions (id, date, verified, description) VALUES (16, '2025-03-10', TRUE, 'Maintenance: Oil Change');
INSERT INTO transaction_lines (transaction_id, account, unit, amount) VALUES (16, 'Expenses:Transportation:Maintenance', '$', 90.0);
INSERT INTO transactions (id, date, verified, description) VALUES (17, '2025-03-15', TRUE, 'Monthly Rent');
INSERT INTO transaction_lines (transaction_id, account, unit, amount) VALUES (17, 'Expenses:Rent', '$', 1500.0);
INSERT INTO transactions (id, date, verified, description) VALUES (18, '2025-03-18', TRUE, 'Course Subscription');
INSERT INTO transaction_lines (transaction_id, account, unit, amount) VALUES (18, 'Expenses:Education', '$', 300.0);
INSERT INTO transactions (id, date, verified, description) VALUES (19, '2025-03-25', TRUE, 'Entertainment - Concert');
INSERT INTO transaction_lines (transaction_id, account, unit, amount) VALUES (19, 'Expenses:Entertainment', '$', 200.0);
INSERT INTO transactions (id, date, verified, description) VALUES (20, '2025-04-01', TRUE, 'Paycheck');
INSERT INTO transaction_lines (transaction_id, account, unit, amount) VALUES (20, 'Assets:Bank:Checking', '$', 7500.0);
INSERT INTO transactions (id, date, verified, description) VALUES (21, '2025-04-02', TRUE, 'Dentist Appointment');
INSERT INTO transaction_lines (transaction_id, account, unit, amount) VALUES (21, 'Expenses:Medical', '$', 1200.0);
INSERT INTO transactions (id, date, verified, description) VALUES (22, '2025-04-10', TRUE, 'Gasoline');
INSERT INTO transaction_lines (transaction_id, account, unit, amount) VALUES (22, 'Expenses:Transportation:Gas', '$', 130.0);
INSERT INTO transactions (id, date, verified, description) VALUES (23, '2025-04-15', TRUE, 'Monthly Rent');
INSERT INTO transaction_lines (transaction_id, account, unit, amount) VALUES (23, 'Expenses:Rent', '$', 1500.0);
INSERT INTO transactions (id, date, verified, description) VALUES (24, '2025-04-20', TRUE, 'Shopping - Electronics');
INSERT INTO transaction_lines (transaction_id, account, unit, amount) VALUES (24, 'Expenses:Shopping', '$', 3000.0);
INSERT INTO transactions (id, date, verified, description) VALUES (25, '2025-04-25', TRUE, 'Dinner Out');
INSERT INTO transaction_lines (transaction_id, account, unit, amount) VALUES (25, 'Expenses:Food:DiningOut', '$', 100.0);
INSERT INTO transactions (id, date, verified, description) VALUES (26, '2025-05-01', TRUE, 'Paycheck');
INSERT INTO transaction_lines (transaction_id, account, unit, amount) VALUES (26, 'Assets:Bank:Checking', '$', 7500.0);
INSERT INTO transactions (id, date, verified, description) VALUES (27, '2025-05-03', TRUE, 'Utilities');
INSERT INTO transaction_lines (transaction_id, account, unit, amount) VALUES (27, 'Expenses:Utilities', '$', 310.0);
INSERT INTO transactions (id, date, verified, description) VALUES (28, '2025-05-06', TRUE, 'Travel - Family Emergency');
INSERT INTO transaction_lines (transaction_id, account, unit, amount) VALUES (28, 'Expenses:Travel', '$', 5800.0);
INSERT INTO transactions (id, date, verified, description) VALUES (29, '2025-05-10', TRUE, 'Grocery Shopping');
INSERT INTO transaction_lines (transaction_id, account, unit, amount) VALUES (29, 'Expenses:Food:Groceries', '$', 270.0);
INSERT INTO transactions (id, date, verified, description) VALUES (30, '2025-05-15', TRUE, 'Monthly Rent');
INSERT INTO transaction_lines (transaction_id, account, unit, amount) VALUES (30, 'Expenses:Rent', '$', 1500.0);
INSERT INTO transactions (id, date, verified, description) VALUES (31, '2025-05-25', TRUE, 'Car Repair (transmission)');
INSERT INTO transaction_lines (transaction_id, account, unit, amount) VALUES (31, 'Expenses:Transportation:Maintenance', '$', 2200.0);
INSERT INTO transactions (id, date, verified, description) VALUES (32, '2025-06-01', TRUE, 'Paycheck');
INSERT INTO transaction_lines (transaction_id, account, unit, amount) VALUES (32, 'Assets:Bank:Checking', '$', 7500.0);
INSERT INTO transactions (id, date, verified, description) VALUES (33, '2025-06-03', TRUE, 'Health Insurance');
INSERT INTO transaction_lines (transaction_id, account, unit, amount) VALUES (33, 'Expenses:Insurance:Health', '$', 450.0);
INSERT INTO transactions (id, date, verified, description) VALUES (34, '2025-06-10', TRUE, 'Freelance Payment');
INSERT INTO transaction_lines (transaction_id, account, unit, amount) VALUES (34, 'Assets:Bank:Checking', '$', 4500.0);
INSERT INTO transactions (id, date, verified, description) VALUES (35, '2025-06-15', TRUE, 'Monthly Rent');
INSERT INTO transaction_lines (transaction_id, account, unit, amount) VALUES (35, 'Expenses:Rent', '$', 1500.0);
INSERT INTO transactions (id, date, verified, description) VALUES (36, '2025-06-20', TRUE, 'Luxury Watch Purchase');
INSERT INTO transaction_lines (transaction_id, account, unit, amount) VALUES (36, 'Expenses:Shopping', '$', 6500.0);
INSERT INTO transactions (id, date, verified, description) VALUES (37, '2025-06-30', TRUE, 'Entertainment - Festival');
INSERT INTO transaction_lines (transaction_id, account, unit, amount) VALUES (37, 'Expenses:Entertainment', '$', 350.0);
INSERT INTO transactions (id, date, verified, description) VALUES (38, '2025-07-29', TRUE, 'Sueldo');
INSERT INTO transaction_lines (transaction_id, account, unit, amount) VALUES (38, 'Assets:Bank:Checking', '$', 200.0);
INSERT INTO transactions (id, date, verified, description) VALUES (39, '2025-07-29', TRUE, 'Sueldo');
INSERT INTO transaction_lines (transaction_id, account, unit, amount) VALUES (39, 'Assets:Bank:Checking', '$', 100.0);
INSERT INTO transactions (id, date, verified, description) VALUES (40, '2025-07-29', TRUE, 'Gasolina');
INSERT INTO transaction_lines (transaction_id, account, unit, amount) VALUES (40, 'Expenses:Transport', 'N/A', 100.0);
INSERT INTO transactions (id, date, verified, description) VALUES (41, '2025-07-30', TRUE, 'Gasolina');
INSERT INTO transaction_lines (transaction_id, account, unit, amount) VALUES (41, 'Expenses:Transport', 'N/A', 100.0);
INSERT INTO transactions (id, date, verified, description) VALUES (42, '2025-07-31', TRUE, 'Sueldo');
INSERT INTO transaction_lines (transaction_id, account, unit, amount) VALUES (42, 'Assets:Bank:Checking', 'N/A', 100.0);
INSERT INTO transactions (id, date, verified, description) VALUES (43, '2025-07-31', TRUE, 'Sueldo');
INSERT INTO transaction_lines (transaction_id, account, unit, amount) VALUES (43, 'Assets:Bank:Checking', 'N/A', 100.0);
INSERT INTO transactions (id, date, verified, description) VALUES (44, '2025-07-29', TRUE, 'Sueldo');
INSERT INTO transaction_lines (transaction_id, account, unit, amount) VALUES (44, 'Assets:Bank:Checking', 'N/A', 100.0);
INSERT INTO transactions (id, date, verified, description) VALUES (45, '2025-07-29', TRUE, 'Sueldo');
INSERT INTO transaction_lines (transaction_id, account, unit, amount) VALUES (45, 'Assets:Bank:Checking', 'N/A', 100.0);
INSERT INTO transactions (id, date, verified, description) VALUES (46, '2025-07-29', TRUE, 'Sueldo');
INSERT INTO transaction_lines (transaction_id, account, unit, amount) VALUES (46, 'Assets:Bank:Checking', 'N/A', 100.0);
INSERT INTO transactions (id, date, verified, description) VALUES (47, '2025-07-29', TRUE, 'Sueldo');
INSERT INTO transaction_lines (transaction_id, account, unit, amount) VALUES (47, 'Assets:Bank:Checking', 'N/A', 100.0);
INSERT INTO transactions (id, date, verified, description) VALUES (48, '2025-07-29', TRUE, 'Gasolina');
INSERT INTO transaction_lines (transaction_id, account, unit, amount) VALUES (48, 'Expenses:Transport', 'N/A', 100.0);