CREATE TABLE IF NOT EXISTS accounts (id SERIAL PRIMARY KEY, account TEXT, description TEXT, alias TEXT, type TEXT);
INSERT INTO accounts (account, description, alias, type) VALUES ('Assets:Bank:Checking', '"Cuenta bancaria principal para operaciones diarias"', '', '');
INSERT INTO accounts (account, description, alias, type) VALUES ('Assets:Bank:Savings', '"Cuenta bancaria para ahorros"', '', '');
INSERT INTO accounts (account, description, alias, type) VALUES ('Expenses:Food:Groceries', '"Egresos de comida"', '', '');
INSERT INTO accounts (account, description, alias, type) VALUES ('Expenses:Food:DiningOut', '"Egresos de comida rápida"', '', '');
INSERT INTO accounts (account, description, alias, type) VALUES ('Assets:Bank:Checking', 'Cuenta bancaria principal para operaciones diarias', '', '');
INSERT INTO accounts (account, description, alias, type) VALUES ('Assets:Bank:Savings', 'Cuenta bancaria para ahorros', '', '');
INSERT INTO accounts (account, description, alias, type) VALUES ('Assets:Cash', 'Cuenta bancaria para depósitos y pagos automáticos', '', '');
INSERT INTO accounts (account, description, alias, type) VALUES ('Assets:Investments:Stocks', 'Cuenta bancaria para inversiones', '', '');
INSERT INTO accounts (account, description, alias, type) VALUES ('Assets:AccountsReceivable', 'Cuenta bancaria para ingresos y gastos de la empresa', '', '');
INSERT INTO accounts (account, description, alias, type) VALUES ('Liabilities:CreditCard:Visa', 'Cuenta bancaria para pagos de crédito', '', '');
INSERT INTO accounts (account, description, alias, type) VALUES ('Liabilities:Loan:CarLoan', 'Cuenta bancaria para préstamos de automóvil', '', '');
INSERT INTO accounts (account, description, alias, type) VALUES ('Equity:OpeningBalances', 'Saldo inicial de la empresa', '', '');
INSERT INTO accounts (account, description, alias, type) VALUES ('Equity:Owner', 'Capital de la empresa', '', '');
INSERT INTO accounts (account, description, alias, type) VALUES ('Income:Salary', 'Ingresos salariales', '', '');
INSERT INTO accounts (account, description, alias, type) VALUES ('Income:Investments:Dividends', 'Ingresos de dividendos', '', '');
INSERT INTO accounts (account, description, alias, type) VALUES ('Income:Freelance', 'Ingresos de trabajo por hora', '', '');
INSERT INTO accounts (account, description, alias, type) VALUES ('Expenses:Rent', 'Egresos de alquiler', '', '');
INSERT INTO accounts (account, description, alias, type) VALUES ('Expenses:Utilities', 'Egresos de utilidades', '', '');
INSERT INTO accounts (account, description, alias, type) VALUES ('Expenses:Food:Groceries', 'Egresos de comida', '', '');
INSERT INTO accounts (account, description, alias, type) VALUES ('Expenses:Food:DiningOut', 'Egresos de comida rápida', '', '');
INSERT INTO accounts (account, description, alias, type) VALUES ('Expenses:Transportation:Gas', 'Egresos de gasolina', '', '');
INSERT INTO accounts (account, description, alias, type) VALUES ('Expenses:Transportation:Maintenance', 'Egresos de mantenimiento de vehículos', '', '');
INSERT INTO accounts (account, description, alias, type) VALUES ('Expenses:Entertainment', 'Egresos de entretenimiento', '', '');
INSERT INTO accounts (account, description, alias, type) VALUES ('Expenses:Travel', 'Egresos de viaje', '', '');
INSERT INTO accounts (account, description, alias, type) VALUES ('Expenses:Insurance:Car', 'Egresos de seguros de automóvil', '', '');
INSERT INTO accounts (account, description, alias, type) VALUES ('Expenses:Insurance:Health', 'Egresos de seguros de salud', '', '');
INSERT INTO accounts (account, description, alias, type) VALUES ('Expenses:Education', 'Egresos de educación', '', '');
INSERT INTO accounts (account, description, alias, type) VALUES ('Expenses:Medical', 'Egresos médicos', '', '');
INSERT INTO accounts (account, description, alias, type) VALUES ('Expenses:Shopping', 'Egresos de compras', '', '');
INSERT INTO accounts (account, description, alias, type) VALUES ('Activos:Banco', '', '', '');
INSERT INTO accounts (account, description, alias, type) VALUES ('Pasivos:Tarjeta', '', '', '');
INSERT INTO accounts (account, description, alias, type) VALUES ('Ingresos:Salarios', '', '', '');
INSERT INTO accounts (account, description, alias, type) VALUES ('Gastos:Comida', '', '', '');
INSERT INTO accounts (account, description, alias, type) VALUES ('Gastos:Transporte', '', '', '');
INSERT INTO accounts (account, description, alias, type) VALUES ('Gastos:Entretenimiento', '', '', '');

CREATE TABLE IF NOT EXISTS transactions (id SERIAL PRIMARY KEY, date DATE, verified BOOLEAN, description TEXT);
CREATE TABLE IF NOT EXISTS transaction_lines (id SERIAL PRIMARY KEY, transaction_id INT REFERENCES transactions(id), account TEXT, unit TEXT, amount NUMERIC(20,2));
INSERT INTO transactions (id, date, verified, description) VALUES (1, '2025-01-01', TRUE, 'Opening Balances');
INSERT INTO transaction_lines (transaction_id, account, unit, amount) VALUES (1, 'Assets:Bank:Checking', '$', 10000.0);
INSERT INTO transaction_lines (transaction_id, account, unit, amount) VALUES (1, 'Assets:Bank:Savings', '$', 25000.0);
INSERT INTO transaction_lines (transaction_id, account, unit, amount) VALUES (1, 'Assets:Cash', '$', 1000.0);
INSERT INTO transaction_lines (transaction_id, account, unit, amount) VALUES (1, 'Assets:Investments:Stocks', '$', 15000.0);
INSERT INTO transaction_lines (transaction_id, account, unit, amount) VALUES (1, 'Liabilities:CreditCard:Visa', '$', -2500.0);
INSERT INTO transaction_lines (transaction_id, account, unit, amount) VALUES (1, 'Liabilities:Loan:CarLoan', '$', -10000.0);
INSERT INTO transaction_lines (transaction_id, account, unit, amount) VALUES (1, 'Equity:OpeningBalances', '$', -38500.0);
INSERT INTO transactions (id, date, verified, description) VALUES (2, '2025/01/01', FALSE, 'Salario Mensual');
INSERT INTO transaction_lines (transaction_id, account, unit, amount) VALUES (2, 'Activos:Banco', 'MXN', 25000.0);
INSERT INTO transaction_lines (transaction_id, account, unit, amount) VALUES (2, 'Ingresos:Salarios', 'MXN', -25000.0);
INSERT INTO transactions (id, date, verified, description) VALUES (3, '2025-01-02', FALSE, 'Compra de alimentos');
INSERT INTO transaction_lines (transaction_id, account, unit, amount) VALUES (3, 'Gastos:Comida', 'MXN', 1200.0);
INSERT INTO transaction_lines (transaction_id, account, unit, amount) VALUES (3, 'Activos:Banco', 'MXN', -1200.0);
INSERT INTO transactions (id, date, verified, description) VALUES (4, '2025-01-02', FALSE, 'Compra de alimentos');
INSERT INTO transaction_lines (transaction_id, account, unit, amount) VALUES (4, 'Gastos:Comida', 'MXN', 86.21);
INSERT INTO transaction_lines (transaction_id, account, unit, amount) VALUES (4, 'Activos:Banco', 'MXN', -100.0);
INSERT INTO transaction_lines (transaction_id, account, unit, amount) VALUES (4, 'Assets:Taxes:IVA', 'MXN', 13.79);
INSERT INTO transactions (id, date, verified, description) VALUES (5, '2025-01-03', FALSE, 'Transporte público');
INSERT INTO transaction_lines (transaction_id, account, unit, amount) VALUES (5, 'Gastos:Transporte', 'MXN', 500.0);
INSERT INTO transaction_lines (transaction_id, account, unit, amount) VALUES (5, 'Activos:Banco', 'MXN', -500.0);
INSERT INTO transactions (id, date, verified, description) VALUES (6, '2025-01-03', FALSE, 'Transporte público');
INSERT INTO transaction_lines (transaction_id, account, unit, amount) VALUES (6, 'Gastos:Transporte', 'MXN', 500.0);
INSERT INTO transaction_lines (transaction_id, account, unit, amount) VALUES (6, 'Activos:Banco', 'MXN', -500.0);
INSERT INTO transactions (id, date, verified, description) VALUES (7, '2025-01-05', FALSE, 'Cena en restaurante');
INSERT INTO transaction_lines (transaction_id, account, unit, amount) VALUES (7, 'Gastos:Comida', 'MXN', 750.0);
INSERT INTO transaction_lines (transaction_id, account, unit, amount) VALUES (7, 'Activos:Banco', 'MXN', -750.0);
INSERT INTO transactions (id, date, verified, description) VALUES (8, '2025-01-05', FALSE, 'Cena en restaurante');
INSERT INTO transaction_lines (transaction_id, account, unit, amount) VALUES (8, 'Gastos:Comida', 'MXN', 750.0);
INSERT INTO transaction_lines (transaction_id, account, unit, amount) VALUES (8, 'Activos:Banco', 'MXN', -870.0);
INSERT INTO transaction_lines (transaction_id, account, unit, amount) VALUES (8, 'Assets:Taxes:IVA', 'MXN', 120.0);
INSERT INTO transactions (id, date, verified, description) VALUES (9, '2025-01-07', FALSE, 'Pago de tarjeta de crédito');
INSERT INTO transaction_lines (transaction_id, account, unit, amount) VALUES (9, 'Pasivos:Tarjeta', 'MXN', 5000.0);
INSERT INTO transaction_lines (transaction_id, account, unit, amount) VALUES (9, 'Activos:Banco', 'MXN', -5000.0);
INSERT INTO transactions (id, date, verified, description) VALUES (10, '2025-01-07', FALSE, 'Pago de tarjeta de crédito');
INSERT INTO transaction_lines (transaction_id, account, unit, amount) VALUES (10, 'Pasivos:Tarjeta', 'MXN', 5000.0);
INSERT INTO transaction_lines (transaction_id, account, unit, amount) VALUES (10, 'Activos:Banco', 'MXN', -5000.0);
INSERT INTO transactions (id, date, verified, description) VALUES (11, '2025-01-08', FALSE, 'Suscripción de streaming');
INSERT INTO transaction_lines (transaction_id, account, unit, amount) VALUES (11, 'Gastos:Entretenimiento', 'MXN', 250.0);
INSERT INTO transaction_lines (transaction_id, account, unit, amount) VALUES (11, 'Activos:Banco', 'MXN', 25000.0);
INSERT INTO transaction_lines (transaction_id, account, unit, amount) VALUES (11, 'Ingresos:Salarios', 'MXN', -29000.0);
INSERT INTO transaction_lines (transaction_id, account, unit, amount) VALUES (11, 'Assets:Taxes:IVA', 'MXN', 4000.0);
INSERT INTO transactions (id, date, verified, description) VALUES (12, '2025-01-08', FALSE, 'Suscripción de streaming');
INSERT INTO transaction_lines (transaction_id, account, unit, amount) VALUES (12, 'Gastos:Entretenimiento', 'MXN', 215.52);
INSERT INTO transaction_lines (transaction_id, account, unit, amount) VALUES (12, 'Activos:Banco', 'MXN', -250.0);
INSERT INTO transaction_lines (transaction_id, account, unit, amount) VALUES (12, 'Assets:Taxes:IVA', 'MXN', 34.48);
INSERT INTO transactions (id, date, verified, description) VALUES (13, '2025-01-10', FALSE, 'Transporte (taxi)');
INSERT INTO transaction_lines (transaction_id, account, unit, amount) VALUES (13, 'Gastos:Transporte', 'MXN', 300.0);
INSERT INTO transaction_lines (transaction_id, account, unit, amount) VALUES (13, 'Activos:Banco', 'MXN', -300.0);
INSERT INTO transactions (id, date, verified, description) VALUES (14, '2025-01-12', FALSE, 'Supermercado');
INSERT INTO transaction_lines (transaction_id, account, unit, amount) VALUES (14, 'Gastos:Comida', 'MXN', 2100.0);
INSERT INTO transaction_lines (transaction_id, account, unit, amount) VALUES (14, 'Activos:Banco', 'MXN', -2100.0);
INSERT INTO transactions (id, date, verified, description) VALUES (15, '2025-01-15', TRUE, 'Paycheck');
INSERT INTO transaction_lines (transaction_id, account, unit, amount) VALUES (15, 'Assets:Bank:Checking', '$', 7500.0);
INSERT INTO transaction_lines (transaction_id, account, unit, amount) VALUES (15, 'Income:Salary', '$', -7500.0);
INSERT INTO transactions (id, date, verified, description) VALUES (16, '2025-01-15', FALSE, 'Salario extra');
INSERT INTO transaction_lines (transaction_id, account, unit, amount) VALUES (16, 'Activos:Banco', 'MXN', 10000.0);
INSERT INTO transaction_lines (transaction_id, account, unit, amount) VALUES (16, 'Ingresos:Salarios', 'MXN', -10000.0);
INSERT INTO transactions (id, date, verified, description) VALUES (17, '2025-01-16', FALSE, 'Pago parcial tarjeta de crédito');
INSERT INTO transaction_lines (transaction_id, account, unit, amount) VALUES (17, 'Pasivos:Tarjeta', 'MXN', 3000.0);
INSERT INTO transaction_lines (transaction_id, account, unit, amount) VALUES (17, 'Activos:Banco', 'MXN', -3000.0);
INSERT INTO transactions (id, date, verified, description) VALUES (18, '2025-01-17', FALSE, 'Cine');
INSERT INTO transaction_lines (transaction_id, account, unit, amount) VALUES (18, 'Gastos:Entretenimiento', 'MXN', 400.0);
INSERT INTO transaction_lines (transaction_id, account, unit, amount) VALUES (18, 'Activos:Banco', 'MXN', -400.0);
INSERT INTO transactions (id, date, verified, description) VALUES (19, '2025-01-17', FALSE, 'Gasolina');
INSERT INTO transaction_lines (transaction_id, account, unit, amount) VALUES (19, 'Gastos:Transporte', 'MXN', 1000.0);
INSERT INTO transaction_lines (transaction_id, account, unit, amount) VALUES (19, 'Activos:Banco', 'MXN', -1000.0);
INSERT INTO transactions (id, date, verified, description) VALUES (20, '2025-01-18', FALSE, 'Pago de luz');
INSERT INTO transaction_lines (transaction_id, account, unit, amount) VALUES (20, 'Gastos:Comida', 'MXN', 600.0);
INSERT INTO transaction_lines (transaction_id, account, unit, amount) VALUES (20, 'Activos:Banco', 'MXN', -600.0);
INSERT INTO transactions (id, date, verified, description) VALUES (21, '2025-01-18', FALSE, 'Comida rápida');
INSERT INTO transaction_lines (transaction_id, account, unit, amount) VALUES (21, 'Gastos:Comida', 'MXN', 800.0);
INSERT INTO transaction_lines (transaction_id, account, unit, amount) VALUES (21, 'Activos:Banco', 'MXN', -800.0);
INSERT INTO transactions (id, date, verified, description) VALUES (22, '2025-01-18', FALSE, 'Transporte privado');
INSERT INTO transaction_lines (transaction_id, account, unit, amount) VALUES (22, 'Gastos:Transporte', 'MXN', 450.0);
INSERT INTO transaction_lines (transaction_id, account, unit, amount) VALUES (22, 'Activos:Banco', 'MXN', -450.0);
INSERT INTO transactions (id, date, verified, description) VALUES (23, '2025-01-20', TRUE, 'Grocery Shopping');
INSERT INTO transaction_lines (transaction_id, account, unit, amount) VALUES (23, 'Expenses:Food:Groceries', '$', 100.0);
INSERT INTO transaction_lines (transaction_id, account, unit, amount) VALUES (23, 'Assets:Bank:Checking', '$', -116.0);
INSERT INTO transaction_lines (transaction_id, account, unit, amount) VALUES (23, 'Assets:Taxes:IVA', '$', 16.0);
INSERT INTO transactions (id, date, verified, description) VALUES (24, '2025-01-20', TRUE, 'Grocery Shopping');
INSERT INTO transaction_lines (transaction_id, account, unit, amount) VALUES (24, 'Expenses:Food:Groceries', 'MXN', 100.0);
INSERT INTO transaction_lines (transaction_id, account, unit, amount) VALUES (24, 'Assets:Bank:Checking', 'MXN', -116.0);
INSERT INTO transaction_lines (transaction_id, account, unit, amount) VALUES (24, 'Assets:Taxes:IVA', 'MXN', 16.0);
INSERT INTO transactions (id, date, verified, description) VALUES (25, '2025-01-20', TRUE, 'Grocery Shopping');
INSERT INTO transaction_lines (transaction_id, account, unit, amount) VALUES (25, 'Expenses:Food:Groceries', '$', 250.0);
INSERT INTO transaction_lines (transaction_id, account, unit, amount) VALUES (25, 'Assets:Bank:Checking', '$', -250.0);
INSERT INTO transactions (id, date, verified, description) VALUES (26, '2025-01-22', TRUE, 'Rent Payment');
INSERT INTO transaction_lines (transaction_id, account, unit, amount) VALUES (26, 'Expenses:Rent', '$', 1500.0);
INSERT INTO transaction_lines (transaction_id, account, unit, amount) VALUES (26, 'Assets:Bank:Checking', '$', -1500.0);
INSERT INTO transactions (id, date, verified, description) VALUES (27, '2025-01-23', TRUE, 'Dinner Out');
INSERT INTO transaction_lines (transaction_id, account, unit, amount) VALUES (27, 'Expenses:Food:DiningOut', '$', 75.0);
INSERT INTO transaction_lines (transaction_id, account, unit, amount) VALUES (27, 'Assets:Bank:Checking', '$', -75.0);
INSERT INTO transactions (id, date, verified, description) VALUES (28, '2025-01-25', TRUE, 'Credit Card Payment');
INSERT INTO transaction_lines (transaction_id, account, unit, amount) VALUES (28, 'Liabilities:CreditCard:Visa', '$', 1200.0);
INSERT INTO transaction_lines (transaction_id, account, unit, amount) VALUES (28, 'Assets:Bank:Checking', '$', -1200.0);
INSERT INTO transactions (id, date, verified, description) VALUES (29, '2025-02-01', TRUE, 'Paycheck');
INSERT INTO transaction_lines (transaction_id, account, unit, amount) VALUES (29, 'Assets:Bank:Checking', '$', 7500.0);
INSERT INTO transaction_lines (transaction_id, account, unit, amount) VALUES (29, 'Income:Salary', '$', -7500.0);
INSERT INTO transactions (id, date, verified, description) VALUES (30, '2025-02-03', TRUE, 'Utilities Bill');
INSERT INTO transaction_lines (transaction_id, account, unit, amount) VALUES (30, 'Expenses:Utilities', '$', 300.0);
INSERT INTO transaction_lines (transaction_id, account, unit, amount) VALUES (30, 'Assets:Bank:Checking', '$', -300.0);
INSERT INTO transactions (id, date, verified, description) VALUES (31, '2025-02-10', TRUE, 'Gasoline');
INSERT INTO transaction_lines (transaction_id, account, unit, amount) VALUES (31, 'Expenses:Transportation:Gas', '$', 120.0);
INSERT INTO transaction_lines (transaction_id, account, unit, amount) VALUES (31, 'Assets:Bank:Checking', '$', -120.0);
INSERT INTO transactions (id, date, verified, description) VALUES (32, '2025-02-15', TRUE, 'Freelance Project');
INSERT INTO transaction_lines (transaction_id, account, unit, amount) VALUES (32, 'Assets:Bank:Checking', '$', 3200.0);
INSERT INTO transaction_lines (transaction_id, account, unit, amount) VALUES (32, 'Income:Freelance', '$', -3200.0);
INSERT INTO transactions (id, date, verified, description) VALUES (33, '2025-02-20', TRUE, 'Car Loan Payment');
INSERT INTO transaction_lines (transaction_id, account, unit, amount) VALUES (33, 'Liabilities:Loan:CarLoan', '$', 500.0);
INSERT INTO transaction_lines (transaction_id, account, unit, amount) VALUES (33, 'Assets:Bank:Checking', '$', -500.0);
INSERT INTO transactions (id, date, verified, description) VALUES (34, '2025-02-22', TRUE, 'Stock Dividend');
INSERT INTO transaction_lines (transaction_id, account, unit, amount) VALUES (34, 'Assets:Bank:Savings', '$', 1000.0);
INSERT INTO transaction_lines (transaction_id, account, unit, amount) VALUES (34, 'Income:Investments:Dividends', '$', -1000.0);
INSERT INTO transactions (id, date, verified, description) VALUES (35, '2025-02-28', TRUE, 'Vacation Trip');
INSERT INTO transaction_lines (transaction_id, account, unit, amount) VALUES (35, 'Expenses:Travel', '$', 2800.0);
INSERT INTO transaction_lines (transaction_id, account, unit, amount) VALUES (35, 'Assets:Bank:Checking', '$', -2800.0);
INSERT INTO transactions (id, date, verified, description) VALUES (36, '2025-03-01', TRUE, 'Paycheck');
INSERT INTO transaction_lines (transaction_id, account, unit, amount) VALUES (36, 'Assets:Bank:Checking', '$', 7500.0);
INSERT INTO transaction_lines (transaction_id, account, unit, amount) VALUES (36, 'Income:Salary', '$', -7500.0);
INSERT INTO transactions (id, date, verified, description) VALUES (37, '2025-03-02', TRUE, 'Health Insurance');
INSERT INTO transaction_lines (transaction_id, account, unit, amount) VALUES (37, 'Expenses:Insurance:Health', '$', 450.0);
INSERT INTO transaction_lines (transaction_id, account, unit, amount) VALUES (37, 'Assets:Bank:Checking', '$', -450.0);
INSERT INTO transactions (id, date, verified, description) VALUES (38, '2025-03-10', TRUE, 'Maintenance: Oil Change');
INSERT INTO transaction_lines (transaction_id, account, unit, amount) VALUES (38, 'Expenses:Transportation:Maintenance', '$', 90.0);
INSERT INTO transaction_lines (transaction_id, account, unit, amount) VALUES (38, 'Assets:Bank:Checking', '$', -90.0);
INSERT INTO transactions (id, date, verified, description) VALUES (39, '2025-03-15', TRUE, 'Monthly Rent');
INSERT INTO transaction_lines (transaction_id, account, unit, amount) VALUES (39, 'Expenses:Rent', '$', 1500.0);
INSERT INTO transaction_lines (transaction_id, account, unit, amount) VALUES (39, 'Assets:Bank:Checking', '$', -1500.0);
INSERT INTO transactions (id, date, verified, description) VALUES (40, '2025-03-18', TRUE, 'Course Subscription');
INSERT INTO transaction_lines (transaction_id, account, unit, amount) VALUES (40, 'Expenses:Education', '$', 300.0);
INSERT INTO transaction_lines (transaction_id, account, unit, amount) VALUES (40, 'Assets:Bank:Checking', '$', -300.0);
INSERT INTO transactions (id, date, verified, description) VALUES (41, '2025-03-25', TRUE, 'Entertainment - Concert');
INSERT INTO transaction_lines (transaction_id, account, unit, amount) VALUES (41, 'Expenses:Entertainment', '$', 200.0);
INSERT INTO transaction_lines (transaction_id, account, unit, amount) VALUES (41, 'Assets:Bank:Checking', '$', -200.0);
INSERT INTO transactions (id, date, verified, description) VALUES (42, '2025-04-01', TRUE, 'Paycheck');
INSERT INTO transaction_lines (transaction_id, account, unit, amount) VALUES (42, 'Assets:Bank:Checking', '$', 7500.0);
INSERT INTO transaction_lines (transaction_id, account, unit, amount) VALUES (42, 'Income:Salary', '$', -7500.0);
INSERT INTO transactions (id, date, verified, description) VALUES (43, '2025-04-02', TRUE, 'Dentist Appointment');
INSERT INTO transaction_lines (transaction_id, account, unit, amount) VALUES (43, 'Expenses:Medical', '$', 1200.0);
INSERT INTO transaction_lines (transaction_id, account, unit, amount) VALUES (43, 'Assets:Bank:Checking', '$', -1200.0);
INSERT INTO transactions (id, date, verified, description) VALUES (44, '2025-04-10', TRUE, 'Gasoline');
INSERT INTO transaction_lines (transaction_id, account, unit, amount) VALUES (44, 'Expenses:Transportation:Gas', '$', 130.0);
INSERT INTO transaction_lines (transaction_id, account, unit, amount) VALUES (44, 'Assets:Bank:Checking', '$', -130.0);
INSERT INTO transactions (id, date, verified, description) VALUES (45, '2025-04-15', TRUE, 'Monthly Rent');
INSERT INTO transaction_lines (transaction_id, account, unit, amount) VALUES (45, 'Expenses:Rent', '$', 1500.0);
INSERT INTO transaction_lines (transaction_id, account, unit, amount) VALUES (45, 'Assets:Bank:Checking', '$', -1500.0);
INSERT INTO transactions (id, date, verified, description) VALUES (46, '2025-04-20', TRUE, 'Shopping - Electronics');
INSERT INTO transaction_lines (transaction_id, account, unit, amount) VALUES (46, 'Expenses:Shopping', '$', 3000.0);
INSERT INTO transaction_lines (transaction_id, account, unit, amount) VALUES (46, 'Assets:Bank:Checking', '$', -3000.0);
INSERT INTO transactions (id, date, verified, description) VALUES (47, '2025-04-25', TRUE, 'Dinner Out');
INSERT INTO transaction_lines (transaction_id, account, unit, amount) VALUES (47, 'Expenses:Food:DiningOut', '$', 100.0);
INSERT INTO transaction_lines (transaction_id, account, unit, amount) VALUES (47, 'Assets:Bank:Checking', '$', -100.0);
INSERT INTO transactions (id, date, verified, description) VALUES (48, '2025-05-01', TRUE, 'Paycheck');
INSERT INTO transaction_lines (transaction_id, account, unit, amount) VALUES (48, 'Assets:Bank:Checking', '$', 7500.0);
INSERT INTO transaction_lines (transaction_id, account, unit, amount) VALUES (48, 'Income:Salary', '$', -7500.0);
INSERT INTO transactions (id, date, verified, description) VALUES (49, '2025-05-03', TRUE, 'Utilities');
INSERT INTO transaction_lines (transaction_id, account, unit, amount) VALUES (49, 'Expenses:Utilities', '$', 310.0);
INSERT INTO transaction_lines (transaction_id, account, unit, amount) VALUES (49, 'Assets:Bank:Checking', '$', -310.0);
INSERT INTO transactions (id, date, verified, description) VALUES (50, '2025-05-06', TRUE, 'Travel - Family Emergency');
INSERT INTO transaction_lines (transaction_id, account, unit, amount) VALUES (50, 'Expenses:Travel', '$', 5800.0);
INSERT INTO transaction_lines (transaction_id, account, unit, amount) VALUES (50, 'Assets:Bank:Checking', '$', -5800.0);
INSERT INTO transactions (id, date, verified, description) VALUES (51, '2025-05-10', TRUE, 'Grocery Shopping');
INSERT INTO transaction_lines (transaction_id, account, unit, amount) VALUES (51, 'Expenses:Food:Groceries', '$', 270.0);
INSERT INTO transaction_lines (transaction_id, account, unit, amount) VALUES (51, 'Assets:Bank:Checking', '$', -270.0);
INSERT INTO transactions (id, date, verified, description) VALUES (52, '2025-05-15', TRUE, 'Monthly Rent');
INSERT INTO transaction_lines (transaction_id, account, unit, amount) VALUES (52, 'Expenses:Rent', '$', 1500.0);
INSERT INTO transaction_lines (transaction_id, account, unit, amount) VALUES (52, 'Assets:Bank:Checking', '$', -1500.0);
INSERT INTO transactions (id, date, verified, description) VALUES (53, '2025-05-25', TRUE, 'Car Repair (transmission)');
INSERT INTO transaction_lines (transaction_id, account, unit, amount) VALUES (53, 'Expenses:Transportation:Maintenance', '$', 2200.0);
INSERT INTO transaction_lines (transaction_id, account, unit, amount) VALUES (53, 'Assets:Bank:Checking', '$', -2200.0);
INSERT INTO transactions (id, date, verified, description) VALUES (54, '2025-06-01', TRUE, 'Paycheck');
INSERT INTO transaction_lines (transaction_id, account, unit, amount) VALUES (54, 'Assets:Bank:Checking', '$', 7500.0);
INSERT INTO transaction_lines (transaction_id, account, unit, amount) VALUES (54, 'Income:Salary', '$', -7500.0);
INSERT INTO transactions (id, date, verified, description) VALUES (55, '2025-06-03', TRUE, 'Health Insurance');
INSERT INTO transaction_lines (transaction_id, account, unit, amount) VALUES (55, 'Expenses:Insurance:Health', '$', 450.0);
INSERT INTO transaction_lines (transaction_id, account, unit, amount) VALUES (55, 'Assets:Bank:Checking', '$', -450.0);
INSERT INTO transactions (id, date, verified, description) VALUES (56, '2025-06-10', TRUE, 'Freelance Payment');
INSERT INTO transaction_lines (transaction_id, account, unit, amount) VALUES (56, 'Assets:Bank:Checking', '$', 4500.0);
INSERT INTO transaction_lines (transaction_id, account, unit, amount) VALUES (56, 'Income:Freelance', '$', -4500.0);
INSERT INTO transactions (id, date, verified, description) VALUES (57, '2025-06-15', TRUE, 'Monthly Rent');
INSERT INTO transaction_lines (transaction_id, account, unit, amount) VALUES (57, 'Expenses:Rent', '$', 1500.0);
INSERT INTO transaction_lines (transaction_id, account, unit, amount) VALUES (57, 'Assets:Bank:Checking', '$', -1500.0);
INSERT INTO transactions (id, date, verified, description) VALUES (58, '2025-06-20', TRUE, 'Luxury Watch Purchase');
INSERT INTO transaction_lines (transaction_id, account, unit, amount) VALUES (58, 'Expenses:Shopping', '$', 6500.0);
INSERT INTO transaction_lines (transaction_id, account, unit, amount) VALUES (58, 'Assets:Bank:Checking', '$', -6500.0);
INSERT INTO transactions (id, date, verified, description) VALUES (59, '2025-06-30', TRUE, 'Entertainment - Festival');
INSERT INTO transaction_lines (transaction_id, account, unit, amount) VALUES (59, 'Expenses:Entertainment', '$', 350.0);
INSERT INTO transaction_lines (transaction_id, account, unit, amount) VALUES (59, 'Assets:Bank:Checking', '$', -350.0);